<?xml version="1.0" encoding="UTF-8" standalone="yes"?>
<OfficeApp xmlns="http://schemas.microsoft.com/office/appforoffice/1.1" 
           xmlns:xsi="http://www.w3.org/2001/XMLSchema-instance" 
           xmlns:bt="http://schemas.microsoft.com/office/officeappbasictypes/1.0" 
           xmlns:mailappor="http://schemas.microsoft.com/office/mailappversionoverrides/1.0" 
           xsi:type="MailApp">
  
  <!-- ID unique de l'add-in - À générer avec un GUID -->
  <Id>YOUR-GUID-HERE</Id>
  
  <Version>1.0.0.0</Version>
  <ProviderName>Votre Organisation</ProviderName>
  <DefaultLocale>fr-FR</DefaultLocale>
  <DisplayName DefaultValue="Analytics Réunions" />
  <Description DefaultValue="Analytique des réunions avec classification par couleur (No Flex, Flex, Déplacement/Formation)" />
  <IconUrl DefaultValue="https://localhost:3000/assets/icon-32.png" />
  <HighResolutionIconUrl DefaultValue="https://localhost:3000/assets/icon-64.png" />
  <SupportUrl DefaultValue="https://localhost:3000/support" />
  
  <!-- Configuration pour Outlook on-premise -->
  <!-- Compatible Windows (cible principale) et Mac -->
  <Requirements>
    <Sets>
      <Set Name="Mailbox" MinVersion="1.1" />
    </Sets>
  </Requirements>
  
  <FormSettings>
    <Form xsi:type="ItemRead">
      <DesktopSettings>
        <!-- DesktopFormFactor fonctionne sur Windows ET Mac -->
        <SourceLocation DefaultValue="https://localhost:3000/taskpane/taskpane.html" />
        <RequestedHeight>450</RequestedHeight>
      </DesktopSettings>
    </Form>
  </FormSettings>
  
  <Permissions>ReadWriteMailbox</Permissions>
  
  <Rule xsi:type="RuleCollection" Mode="Or">
    <Rule xsi:type="ItemIs" ItemType="Message" FormType="Read" />
    <Rule xsi:type="ItemIs" ItemType="Appointment" FormType="Read" />
  </Rule>
  
  <DisableEntityHighlighting>false</DisableEntityHighlighting>
  
  <VersionOverrides xmlns="http://schemas.microsoft.com/office/mailappversionoverrides" xsi:type="VersionOverridesV1_0">
    <VersionOverrides xmlns="http://schemas.microsoft.com/office/mailappversionoverrides/1.1" xsi:type="VersionOverridesV1_1">
      <Requirements>
        <bt:Sets DefaultMinVersion="1.3">
          <bt:Set Name="Mailbox" />
        </bt:Sets>
      </Requirements>
      <Hosts>
        <Host xsi:type="MailHost">
          <DesktopFormFactor>
            <FunctionFile resid="Commands.Url" />
            <ExtensionPoint xsi:type="MessageReadCommandSurface">
              <OfficeTab id="TabDefault">
                <Group id="msgReadGroup">
                  <Label resid="GroupLabel" />
                  <Control xsi:type="Button" id="msgReadOpenPaneButton">
                    <Label resid="TaskPaneButton.Label" />
                    <Supertip>
                      <Title resid="TaskPaneButton.Label" />
                      <Description resid="TaskPaneButton.Tooltip" />
                    </Supertip>
                    <Icon>
                      <bt:Image size="16" resid="Icon.16x16" />
                      <bt:Image size="32" resid="Icon.32x32" />
                      <bt:Image size="80" resid="Icon.80x80" />
                    </Icon>
                    <Action xsi:type="ShowTaskpane">
                      <TaskpaneId>ButtonId1</TaskpaneId>
                      <SourceLocation resid="Taskpane.Url" />
                    </Action>
                  </Control>
                </Group>
              </OfficeTab>
            </ExtensionPoint>
            <ExtensionPoint xsi:type="AppointmentOrganizerCommandSurface">
              <OfficeTab id="TabDefault">
                <Group id="apptOrganizerGroup">
                  <Label resid="GroupLabel" />
                  <Control xsi:type="Button" id="apptOrganizerOpenPaneButton">
                    <Label resid="TaskPaneButton.Label" />
                    <Supertip>
                      <Title resid="TaskPaneButton.Label" />
                      <Description resid="TaskPaneButton.Tooltip" />
                    </Supertip>
                    <Icon>
                      <bt:Image size="16" resid="Icon.16x16" />
                      <bt:Image size="32" resid="Icon.32x32" />
                      <bt:Image size="80" resid="Icon.80x80" />
                    </Icon>
                    <Action xsi:type="ShowTaskpane">
                      <TaskpaneId>ButtonId1</TaskpaneId>
                      <SourceLocation resid="Taskpane.Url" />
                    </Action>
                  </Control>
                </Group>
              </OfficeTab>
            </ExtensionPoint>
          </DesktopFormFactor>
        </Host>
      </Hosts>
      <Resources>
        <bt:Images>
          <bt:Image id="Icon.16x16" DefaultValue="https://localhost:3000/assets/icon-16.png" />
          <bt:Image id="Icon.32x32" DefaultValue="https://localhost:3000/assets/icon-32.png" />
          <bt:Image id="Icon.80x80" DefaultValue="https://localhost:3000/assets/icon-80.png" />
        </bt:Images>
        <bt:Urls>
          <bt:Url id="GetStarted.LearnMoreUrl" DefaultValue="https://localhost:3000/help" />
          <bt:Url id="Commands.Url" DefaultValue="https://localhost:3000/commands.html" />
          <bt:Url id="Taskpane.Url" DefaultValue="https://localhost:3000/taskpane/taskpane.html" />
        </bt:Urls>
        <bt:ShortStrings>
          <bt:String id="GroupLabel" DefaultValue="Analytics Réunions" />
          <bt:String id="TaskPaneButton.Label" DefaultValue="Analytics" />
        </bt:ShortStrings>
        <bt:LongStrings>
          <bt:String id="TaskPaneButton.Tooltip" DefaultValue="Ouvrir le panneau d'analytique des réunions" />
        </bt:LongStrings>
      </Resources>
    </VersionOverrides>
  </VersionOverrides>
</OfficeApp>

